Fname,Lname,Address,PhoneNumber,Email,Ssn,DateOfBirth,AccountType,Balance,DateOpened,TransactionType,CurrencyCode,Amount,TransactionDate
John,O'Neil,123 Maple St,708-245-6758,jn@hotmail.com,234659875,1961-11-27,Joint,17725.74,1995-04-02,Deposit,USD,772.43,2026-03-01
Mary,O'Neil,123 Maple St,312-981-9171,maryon@yahoo.com,324654786,1962-05-19,Joint,18498.17,1995-04-02,Withdrawal,USD,714.82,2026-03-02
Michael,Flannery,456 Oak Dr,815-534-7658,FatherMike@yahoo.com,354267398,1987-05-22,Savings,3215.11,2000-05-01,Deposit,USD,195.94,2026-03-03
Francois,Delacourt,789 Pine Rd,309-456-8322,Fdela@gmail.com,245763487,1959-05-20,Checking,1097.2,1990-07-25,Deposit,USD,1074.3,2026-03-04
Stephen,Browder,102 Cedar Rd,815-685-2188,Sbrowder@gmail.com,242125973,1992-03-19,Business,15498.62,2005-06-03,Purchase,EUR,2301.12,2026-03-05
Kate ,O'Gara,384 Elm St,217-464-0512,kogara@mail.com,123654086,2001-01-16,Student,630.93,2014-03-03,Purchase,USD,21.51,2026-03-06
Joseph ,Herity,576 Lake Ave,708-491-5476,jh@hotmail.com,321067633,1957-11-11,Savings,3211.51,1970-05-06,Deposit,USD,3841.12,2026-03-07
Leo,McCarthy,2938 Sixth St,708-238-3770,leo333@comcast.net,324765490,1992-10-10,Checking,4676.12,2002-02-01,Withdrawal,USD,679.52,2026-03-08
Fran,Bley,1435 Park Pl,815-463-9275,bleyday@comcast.net,297347620,1996-09-08,Student,3477.63,2016-08-04,Deposit,USD,372.95,2026-03-09
Max,Dunn,828 Church Dr,708-603-0525,dunn77@yahoo.com,156753487,1974-06-24,Checking,14920.91,2000-08-09,Withdrawal,USD,665.23,2026-03-10
William,Ruckerman,86 N Walnut St,708-800-6386,williwoo@gmail.com,324542674,1958-08-13,Retirement,6826.49,1980-04-12,Deposit,USD,64.95,2026-03-11
Jim,Saddler,75 Main St,240-436-2058,jsad@yahoo.com,289079868,1973-09-28,Checking,4041.15,2003-09-13,Purchase,USD,73.04,2026-03-12
Shaneen,Mulvaney,432 S Main St,619-304-4016,shaneenm@mail.com,356467589,1997-11-08,Business,10493.59,2014-07-04,Purchase,JPY,512.19,2026-03-13
Flynn,Jones,267 Sunset Dr,815-342-5698,flyman@yahoo.com,241356754,1961-05-20,Joint,10493.59,1999-04-09,Purchase,USD,539.44,2026-03-14
Gus,Jones,267 Sunset Dr,309-945-3646,gusgus@yahoo.com,156375987,1963-06-18,Joint,9954.15,1997-05-05,Purchase,USD,511.63,2026-03-15
Sylvia,Trotter,386 River Rd,815-735-2615,slyvs@mail.com,324157867,1977-03-18,Checking,2630.11,2001-05-06,Purchase,USD,309.77,2026-03-16
Christian,Becket,28 South St,309-340-3929,cb123@yahoo.com,375216535,1995-04-22,Savings,3259.69,2024-03-02,Withdrawal,USD,1688.99,2026-03-17
Lou,Danzas,45 Ridge Rd,623-552-2459,louhoo@mail.com,230958361,1990-10-26,Savings,3222.26,2006-09-06,Deposit,USD,1645.72,2026-03-18
Jost,Hupp,288 Cherry Ave,424-286-4773,suphupp@comcast.net,346902631,1963-01-12,Business,23045.56,2013-04-11,Purchase,CAD,2879.18,2026-03-19
Sergei,Lepikov,84 Chestnut Dr,815-931-3657,sergeil@comcast.net,145762970,1999-08-15,Business,28140.91,2024-08-04,Purchase,MXN,1217.11,2026-03-20
Dorena,Godelinsky,66 Circle Dr,469-242-6512,dorenag@comcast.net,653289045,1961-02-10,Checking,8459.8,2002-03-02,Deposit,USD,777.55,2026-03-21
Ariane,Foss,754 Mill Pl,708-510-4446,afoss@mail.com,534216732,1972-07-17,Savings,9166.55,2005-09-09,Deposit,USD,348.46,2026-03-22
Kimberly,Gonzales,32 Lakeview Dr,815-708-3640,kgonzal@mail.com,423153786,2003-09-06,Checking,7434.72,2023-09-06,Deposit,USD,798.05,2026-03-23
Kathy,Ruiz,13 School St,708-843-2496,kathyyy@yahoo.com,236541790,1954-08-17,Investment,19505.1,2000-04-05,Deposit,USD,690.27,2026-03-24
Eric,Whitney,29 West St,708-224-5646,ghoste@gmail.com,673876297,1999-07-18,Business,20321.79,2024-09-10,Purchase,NGN,2168.58,2026-03-25
Aristos,Petrou,436 Spruce St,708-770-5020,petrou@yahoo.com,234156894,1971-09-24,Checking,7473.95,1998-05-06,Purchase,USD,1430.75,2026-03-26
Scott,Arceneaux,46 Jefferson St,815-531-2569,scotty66@gmail.com,806234561,1961-08-18,Savings,11355.23,1998-06-05,Purchase,USD,3433.39,2026-03-27
Elizabeth,Grant,22 Shady Ln,773-704-4333,ldr@hotmail.com,167453674,1977-10-08,Checking,19394.75,1994-05-03,Deposit,USD,3866.13,2026-03-28
Carlos,Robinson,166 Lincoln St,206-735-8233,carlosrob@mail.com,243678654,1955-06-01,Retirement,15669.37,1995-01-03,Deposit,USD,2323.25,2026-03-29
Robyn,Fenty,56 N Hill St,815-705-4950,robynf@gmail.com,453675424,1981-11-09,Savings,11685.15,2004-05-12,Deposit,USD,3833.61,2026-03-30
Stefani,Germanotta,77 Willow Dr,708-603-3092,germanotta@comcast.net,327854905,1986-02-03,Business,47803.36,2003-05-23,Purchase,CNY,674.92,2026-03-31
Ella,O'Connor,619 Short St,708-407-4857,ellaoconnor@gmail.com,305763851,2003-03-11,Student,2511.8,2024-04-17,Withdrawal,USD,612.38,2026-04-01
Farrokh,Bulsara,35 Water Ave,815-5468181,buls222@yahoo.com,368954712,1959-06-12,Checking,7508.18,2001-09-22,Withdrawal,USD,396,2026-04-02
Calvin,Broadus,659 Locust St,309-954-9139,cb@mail.com,423675498,1966-06-04,Savings,20652.43,1982-05-03,Withdrawal,USD,199.17,2026-04-03
Eric,Blair,25 Ash St,305-715-7365,ericb@yahoo.com,543765424,1992-06-07,Business,14427.2,2009-04-19,Withdrawal,INR,93.93,2026-04-04
Samuel,Clemens,788 Poplar Ln,312-360-9413,samclem@hotmail.com,214567342,1967-02-16,Savings,2208.52,2012-06-06,Deposit,USD,531.2,2026-04-05
Charles,Dodgson,22 Central Ave,853-307-2654,cdodgson@yahoo.com,102839465,1971-03-17,Checking,14372.66,1996-12-23,Purchase,USD,1839.45,2026-04-06
Agatha,Miller,60 Front St,404-445-2653,am313@mail.com,287341647,1985-02-04,Investment,18923.45,2005-03-24,Deposit,USD,168.91,2026-04-07
Chloe,Wofford,333 East St,864-469-0718,cw@yahoo.com,523464892,1954-01-07,Retirement,171122.26,1984-11-13,Deposit,USD,2246.69,2026-04-08
Misty,Day,68 Vine St,661-505-6354,mday@mail.com,234168965,1970-04-21,Savings,8077.88,1999-10-23,Purchase,USD,413.73,2026-04-09
Myrtle,Snow,75 Hillcrest Dr,309-642-8764,myrsno@comcast.net,245631790,2002-08-27,Student,3377.29,2024-06-13,Purchase,USD,179.07,2026-04-10
Madison,Montgomery,69 Birch St,312-989-8668,madmad@comcast.net,109642758,1978-11-07,Savings,1459.39,1995-01-14,Purchase,USD,430.26,2026-04-11
Betty,Page,808 Grove St,305-351-1620,betpage@yahoo.com,423456211,1976-09-15,Business,34068.51,1998-04-02,Purchase,CHF,871.51,2026-04-12
Kyle,Spence,829 Green Dr,309-593-2131,kspence@mail.com,278490435,1960-08-04,Savings,5477.02,1986-06-08,Deposit,USD,749.06,2026-04-13
Zoe,Benson,65 Riverside Dr,954-303-5118,zbenson@hotmail.com,275349605,1964-04-23,Checking,7967.44,2003-05-19,Purchase,USD,383.65,2026-04-14
Cordelia,Fox,9 Cemetary Rd,908-632-0989,cfox@gmail.com,156498367,1999-11-22,Business,21885.63,2017-09-12,Withdrawal,EUR,350.53,2026-04-15
Donna,Tartt,369 Fairway St,224-806-5904,donnatartt@yahoo.com,352712874,1975-02-03,Retirement,101474.97,1999-12-04,Deposit,USD,365.44,2026-04-16
Fiona,Good,6 Cemetary Rd,309-340-3809,fgood@gmail.com,174832658,1967-01-03,Checking,1478.86,1989-04-15,Withdrawal,USD,585.29,2026-04-17
Joan,Ramsey,6330 Terrence Dr,305-837-6224,joram@comcast.net,259527465,1999-03-23,Savings,6779.7,2015-08-17,Deposit,USD,364.4,2026-04-18