Branch Name,Street Address,City,State,Zip Code,Phone Number,Routing Number,Fname,Lname,SSN,Dfname,Dlname,Essn
Peoria Branch,190 Adams Street,Peoria,IL,61525,380-234-2123,834574034,John,Smith,218098189,Jackie ,Smith,218098189
Peoria Branch,190 Adams Street,Peoria,IL,61525,380-234-2123,834574034,John,Smith,218098189,Zach ,Smith,218098189
Peoria Branch,191 Adams Street,Peoria,IL,61525,380-234-2123,834574034,Jane,Johnson,218099724,Brayden,Johnson,218099724
Peoria Branch,191 Adams Street,Peoria,IL,61525,380-234-2123,834574034,Jane,Johnson,218099724,Lydia,Johnson,218099724
Peoria Branch,191 Adams Street,Peoria,IL,61525,380-234-2123,834574034,Noah,Williams,218095379,Jake,Williams,218095379
Peoria Branch,191 Adams Street,Peoria,IL,61525,380-234-2123,834574034,Noah,Williams,218095379,Nick,Williams,218095379
Peoria Branch,192 Adams Street,Peoria,IL,61525,380-234-2123,834574034,Noah,Williams,218095379,Alex,Williams,218095379
Peoria Branch,193 Adams Street,Peoria,IL,61525,380-234-2123,834574034,Alex,Brown,218063783,Sophie,Brown,218063783
Peoria Branch,194 Adams Street,Peoria,IL,61525,380-234-2123,834574034,Sam,Jones,218038319,Cindy,Jones,218038319
Peoria Branch,195 Adams Street,Peoria,IL,61525,380-234-2123,834574034,Sam,Jones,218038319,Robert,Jones,218038319
Peoria Branch,196 Adams Street,Peoria,IL,61525,380-234-2123,834574034,Kelly,Miller,218041469,Ryan,Miller,218041469
Peoria Branch,197 Adams Street,Peoria,IL,61525,380-234-2123,834574034,Kevin,Davis,218036810,Tyler,Davis,218036810
Peoria Branch,198 Adams Street,Peoria,IL,61525,380-234-2123,834574034,Loan,Rodriguez,218051579,Jermey,Rodriguez,218051579
Peoria Branch,199 Adams Street,Peoria,IL,61525,380-234-2123,834574034,Loan,Rodriguez,218051579,Dori,Rodriguez,218051579
Peoria Branch,200 Adams Street,Peoria,IL,61525,380-234-2123,834574034,Carly,Hernandez,218010621,Brodie,Hernandez,218010621
Peoria Branch,201 Adams Street,Peoria,IL,61525,380-234-2123,834574034,Maggie,Lopez,218045958,Lexi,Lopez,218045958
Peoria Branch,202 Adams Street,Peoria,IL,61525,380-234-2123,834574034,Maggie,Lopez,218045958,Kevin,Lopez,218045958
Peoria Branch,203 Adams Street,Peoria,IL,61525,380-234-2123,834574034,Maggie,Lopez,218045958,Lisa,Lopez,218045958
Peoria Branch,204 Adams Street,Peoria,IL,61525,380-234-2123,834574034,Jen,Wilson,218053351,Tommy,Wilson,218053351
East Peoria Branch,1400 Camp Street,East Peoria ,IL,61611,903-345-3455,309674936,Mia,Anderson,218040704,Sophie,Anderson,218040704
East Peoria Branch,1400 Camp Street,East Peoria ,IL,61611,903-345-3455,309674936,Mia,Anderson,218040704,Cindy,Anderson,218040704
East Peoria Branch,1400 Camp Street,East Peoria ,IL,61611,903-345-3455,309674936,Abby,Thomas,218077003,Robert,Thomas,218077003
East Peoria Branch,1400 Camp Street,East Peoria ,IL,61611,903-345-3455,309674936,Sophie,Taylor,218097787,Ryan,Taylor,218097787
East Peoria Branch,1400 Camp Street,East Peoria ,IL,61611,903-345-3455,309674936,Sophie,Taylor,218097787,Tyler,Taylor,218097787
East Peoria Branch,1400 Camp Street,East Peoria ,IL,61611,903-345-3455,309674936,Sophie,Taylor,218097787,Jermey,Taylor,218097787
East Peoria Branch,1400 Camp Street,East Peoria ,IL,61611,903-345-3455,309674936,Michelle,Moore,218095748,Dori,Moore,218095748
East Peoria Branch,1400 Camp Street,East Peoria ,IL,61611,903-345-3455,309674936,Natalie,Jackson,218053604,Brodie,Jackson,218053604
East Peoria Branch,1400 Camp Street,East Peoria ,IL,61611,903-345-3455,309674936,Natalie,Jackson,218053604,Cameron,Jackson,218053604
East Peoria Branch,1400 Camp Street,East Peoria ,IL,61611,903-345-3455,309674936,Josh,Lee,218053272,Pam,Lee,218053272
East Peoria Branch,1400 Camp Street,East Peoria ,IL,61611,903-345-3455,309674936,Jami ,Perez,218045430,Grace,Perez,218045430
East Peoria Branch,1400 Camp Street,East Peoria ,IL,61611,903-345-3455,309674936,Jessie,Thompson,218057801,Jacob,Thompson,218057801
East Peoria Branch,1400 Camp Street,East Peoria ,IL,61611,903-345-3455,309674936,Jessie,Thompson,218057801,Autum ,Thompson,218057801
East Peoria Branch,1400 Camp Street,East Peoria ,IL,61611,903-345-3455,309674936,Jessie,Thompson,218057801,Aubrey ,Thompson,218057801
Washington Branch,900 Park Street,Washington,IL,61548,840-483-5403,475409234,Mary,Miller,218075619,Cameron,Miller,218075619
Washington Branch,900 Park Street,Washington,IL,61548,840-483-5403,475409234,Mary,Miller,218075619,Duncan,Miller,218075619
Washington Branch,900 Park Street,Washington,IL,61548,840-483-5403,475409234,Patricia,Jones,218079418,Hunter,Jones,218079418
Washington Branch,900 Park Street,Washington,IL,61548,840-483-5403,475409234,Linda,Smith,218083819,Lisa,Smith,218083819
Washington Branch,900 Park Street,Washington,IL,61548,840-483-5403,475409234,Linda,Smith,218083819,Stephanie,Smith,218083819
Washington Branch,900 Park Street,Washington,IL,61548,840-483-5403,475409234,Linda,Smith,218083819,Michelle,Smith,218083819
Washington Branch,900 Park Street,Washington,IL,61548,840-483-5403,475409234,Linda,Smith,218083819,Mike,Smith,218083819
Washington Branch,900 Park Street,Washington,IL,61548,840-483-5403,475409234,Michael,Williams,218039296,Tyler,Williams,218039296
Washington Branch,900 Park Street,Washington,IL,61548,840-483-5403,475409234,Mary,Roberts,218060099,James,Roberts,218060099
Washington Branch,900 Park Street,Washington,IL,61548,840-483-5403,475409234,Mary,Roberts,218060099,Ryan,Roberts,218060099
Washington Branch,900 Park Street,Washington,IL,61548,840-483-5403,475409234,John,Davis,218084650,Mary,Davis,218084650
Washington Branch,900 Park Street,Washington,IL,61548,840-483-5403,475409234,James,Martinez,218007957,Jackie ,Martinez,218007957
Washington Branch,900 Park Street,Washington,IL,61548,840-483-5403,475409234,James,Martinez,218007957,Noah,Martinez,218007957
Washington Branch,900 Park Street,Washington,IL,61548,840-483-5403,475409234,Brodie,Brown,218090189,Ian,Brown,218090189
Washington Branch,900 Park Street,Washington,IL,61548,840-483-5403,475409234,Brodie,Brown,218090189,Adam,Brown,218090189
Germantown Branch,800 Oak Street,Germantown,IL,61758,509-239-4930,345303448,Brodie,Brown,218090189,Amy,Brown,218090189
Germantown Branch,800 Oak Street,Germantown,IL,61758,509-239-4930,345303448,Brock,Shaw,218003647,Winter,Shaw,218003647
Germantown Branch,800 Oak Street,Germantown,IL,61758,509-239-4930,345303448,Brock,Shaw,218003647,Kelsey,Shaw,218003647
Germantown Branch,800 Oak Street,Germantown,IL,61758,509-239-4930,345303448,Brock,Shaw,218003647,Alyssa,Shaw,218003647
Germantown Branch,800 Oak Street,Germantown,IL,61758,509-239-4930,345303448,Brock,Shaw,218003647,Jack,Shaw,218003647
Germantown Branch,800 Oak Street,Germantown,IL,61758,509-239-4930,345303448,Bob,Jackson,218027930,Tyler,Jackson,218027930
Germantown Branch,800 Oak Street,Germantown,IL,61758,509-239-4930,345303448,Bob,Jackson,218027930,Jarred,Jackson,218027930
Germantown Branch,800 Oak Street,Germantown,IL,61758,509-239-4930,345303448,Abby,Jordan,218032704,Carly,Jordan,218032704
Germantown Branch,800 Oak Street,Germantown,IL,61758,509-239-4930,345303448,Natalie,Smith,218099767,Grant,Smith,218099767
Germantown Branch,800 Oak Street,Germantown,IL,61758,509-239-4930,345303448,Natalie,Smith,218099767,Gregory,Smith,218099767
Germantown Branch,800 Oak Street,Germantown,IL,61758,509-239-4930,345303448,Patricia,Johnson,218001516,Lexi,Johnson,218001516
Germantown Branch,800 Oak Street,Germantown,IL,61758,509-239-4930,345303448,Patricia,Johnson,218001516,Tommy,Johnson,218001516
Germantown Branch,800 Oak Street,Germantown,IL,61758,509-239-4930,345303448,Linda,Adams,218074522,Michael,Adams,218074522
Germantown Branch,800 Oak Street,Germantown,IL,61758,509-239-4930,345303448,Linda,Adams,218074522,Jennifer,Adams,218074522
Germantown Branch,800 Oak Street,Germantown,IL,61758,509-239-4930,345303448,Jen,Notto,218056231,Elizabeth ,Notto,218056231
Germantown Branch,800 Oak Street,Germantown,IL,61758,509-239-4930,345303448,Jen,Notto,218056231,Joel,Notto,218056231
